"Test.Date","County","New.Positives","Cumulative.Number.of.Positives","Total.Number.of.Tests.Performed","Cumulative.Number.of.Tests.Performed","Percent.Change","Three.Day.Average","Three.Day.Change","Three.Day.Percentage","Last.28.Days","Last.14.Days","Last.7.Days","Last.7.Days.Mean","Positive.Per.100000","Percent.Positive","Total.Percent.Positive","Three.Day.Percent.Positive","Percent.Change.Tests","Three.Day.Average.Tests","Three.Day.Change.Tests","Three.Day.Percentage.Tests","Last.28.Days.Tests","Last.14.Days.Tests","Last.7.Days.Tests","Roll.Last.7.Days.Cases","Roll.Last.7.Days.Tests","Roll.Percent.Positive.7.days"
2020-03-01,"Onondaga",0,0,0,0,NA,NA,NA,NA,NA,NA,NA,NA,NA,NA,NA,NA,NA,NA,NA,NA,NA,NA,NA,NA,NA,NA
2020-03-02,"Onondaga",0,0,0,0,NA,NA,NA,NA,NA,NA,NA,NA,NA,NA,NA,NA,NA,NA,NA,NA,NA,NA,NA,NA,NA,NA
2020-03-03,"Onondaga",0,0,0,0,NA,0,NA,NA,NA,NA,NA,NA,NA,NA,NA,NA,NA,0,NA,NA,NA,NA,NA,NA,NA,NA
2020-03-04,"Onondaga",0,0,0,0,NA,0,NA,NA,NA,NA,NA,NA,NA,NA,NA,NA,NA,0,0,NA,NA,NA,NA,NA,NA,NA
2020-03-05,"Onondaga",0,0,0,0,NA,0,0,NA,NA,NA,NA,NA,NA,NA,NA,NA,NA,0,0,NA,NA,NA,NA,NA,NA,NA
2020-03-06,"Onondaga",0,0,0,0,NA,0,0,NA,NA,NA,NA,NA,NA,NA,NA,NA,NA,0,0,NA,NA,NA,NA,NA,NA,NA
2020-03-07,"Onondaga",0,0,0,0,NA,0,0,NA,NA,NA,NA,NA,NA,NA,NA,NA,NA,0,0,NA,NA,NA,NA,0,0,NA
2020-03-08,"Onondaga",0,0,0,0,NA,0,0,NA,NA,NA,0,0,0,NA,NA,NA,NA,0,0,NA,NA,NA,0,0,0,NA
2020-03-09,"Onondaga",0,0,1,1,NA,0,0,NA,NA,NA,0,0,0,0,0,0,NA,0.333333333333333,1,Inf,NA,NA,1,0,0.142857142857143,0
2020-03-10,"Onondaga",0,0,0,1,NA,0,0,NA,NA,NA,0,0,0,NA,0,0,NA,0.666666666666667,1,Inf,NA,NA,1,0,0.142857142857143,0
2020-03-11,"Onondaga",0,0,3,4,NA,0,0,NA,NA,NA,0,0,0,0,0,0,NA,2,4,Inf,NA,NA,4,0,0.571428571428571,0
2020-03-12,"Onondaga",0,0,1,5,NA,0,0,NA,NA,NA,0,0,0,0,0,0,NA,3.33333333333333,4,400,NA,NA,5,0,0.714285714285714,0
2020-03-13,"Onondaga",0,0,9,14,NA,0,0,NA,NA,NA,0,0,0,0,0,0,NA,7.66666666666667,13,1300,NA,NA,14,0,2,0
2020-03-14,"Onondaga",0,0,18,32,NA,0,0,NA,NA,NA,0,0,0,0,0,0,NA,17,28,700,NA,NA,32,0,4.57142857142857,0
2020-03-15,"Onondaga",1,1,27,59,Inf,0.333333333333333,1,Inf,NA,1,1,0.142857142857143,0.0310202947176161,0.037037037037037,0.0169491525423729,0.0185185185185185,Inf,35,54,1080,NA,59,59,0.142857142857143,8.42857142857143,1.69491525423729
2020-03-16,"Onondaga",1,2,55,114,100,1,2,Inf,NA,2,2,0.285714285714286,0.0620405894352321,0.0181818181818182,0.0175438596491228,0.02,100,68.3333333333333,100,714,NA,114,113,0.285714285714286,16.1428571428571,1.76991150442478
2020-03-17,"Onondaga",0,2,15,129,0,1.66666666666667,2,Inf,NA,2,2,0.285714285714286,0.0620405894352321,0,0.0155038759689922,0.0206185567010309,0,100.666666666667,97,303,NA,129,128,0.285714285714286,18.2857142857143,1.5625
2020-03-18,"Onondaga",3,5,98,227,150,3,5,400,NA,5,5,0.714285714285714,0.15510147358808,0.0306122448979592,0.0220264317180617,0.0238095238095238,150,156.666666666667,168,285,NA,227,223,0.714285714285714,31.8571428571429,2.24215246636771
2020-03-19,"Onondaga",3,8,60,287,60,5,7,300,NA,8,8,1.14285714285714,0.248162357740928,0.05,0.0278745644599303,0.0346820809248555,60,214.333333333333,173,152,NA,287,282,1.14285714285714,40.2857142857143,2.83687943262411
2020-03-20,"Onondaga",9,17,133,420,112,10,15,750,NA,17,17,2.42857142857143,0.527345010199473,0.0676691729323308,0.0404761904761905,0.0515463917525773,112,311.333333333333,291,226,NA,420,406,2.42857142857143,58,4.1871921182266
2020-03-21,"Onondaga",12,29,157,577,71,18,27,480,NA,29,29,4.14285714285714,0.899588546810866,0.0764331210191083,0.0502599653379549,0.0685714285714286,71,428,350,154,NA,577,545,4.14285714285714,77.8571428571429,5.32110091743119
2020-03-22,"Onondaga",23,52,538,1115,79,32.6666666666667,47,550,NA,52,51,7.28571428571429,1.58203503059842,0.0427509293680297,0.0466367713004484,0.0531400966183575,79,704,828,289,NA,1115,1056,7.28571428571429,150.857142857143,4.82954545454545
2020-03-23,"Onondaga",8,60,129,1244,15,47,52,253,NA,60,58,8.28571428571429,1.79917709362173,0.062015503875969,0.0482315112540193,0.0521844660194175,15,978.666666666667,824,196,NA,1243,1130,8.28571428571429,161.428571428571,5.13274336283186
2020-03-24,"Onondaga",5,65,124,1368,8,59,48,124,NA,65,63,9,1.95427856720981,0.0403225806451613,0.0475146198830409,0.04551201011378,8,1242.33333333333,791,137,NA,1367,1239,9,177,5.08474576271187
2020-03-25,"Onondaga",18,83,266,1634,28,69.3333333333333,54,60,NA,83,78,11.1428571428571,2.41958298797405,0.0676691729323308,0.0507955936352509,0.0597302504816956,28,1415.33333333333,519,47,NA,1630,1407,11.1428571428571,201,5.54371002132196
2020-03-26,"Onondaga",32,115,444,2078,39,87.6666666666667,63,92,NA,115,107,15.2857142857143,3.31917153478492,0.0720720720720721,0.0553416746871992,0.065947242206235,39,1693.33333333333,834,67,NA,2073,1791,15.2857142857143,255.857142857143,5.97431602456728
2020-03-27,"Onondaga",14,129,352,2430,12,109,69,98,NA,129,112,16,3.474273008373,0.0397727272727273,0.0530864197530864,0.0602636534839925,12,2047.33333333333,1062,78,NA,2416,2010,16,287.142857142857,5.57213930348259
2020-03-28,"Onondaga",23,152,487,2917,18,132,87,83,NA,152,123,17.5714285714286,3.81549625026678,0.0472279260780287,0.052108330476517,0.053780202650039,18,2475,1283,79,NA,2885,2340,17.5714285714286,334.285714285714,5.25641025641026
2020-03-29,"Onondaga",28,180,206,3123,18,153.666666666667,97,57,180,179,128,18.2857142857143,3.97059772385485,0.135922330097087,0.0576368876080692,0.062200956937799,18,2823.33333333333,1045,50,3123,3064,2008,18.2857142857143,286.857142857143,6.37450199203187
2020-03-30,"Onondaga",14,194,139,3262,8,175.333333333333,79,50,194,192,134,19.1428571428571,4.15671949216055,0.100719424460432,0.0594727161250766,0.078125,8,3100.66666666667,832,34,3262,3148,2018,19.1428571428571,288.285714285714,6.6402378592666
2020-03-31,"Onondaga",23,217,163,3425,12,197,88,43,217,215,152,21.7142857142857,4.71508479707764,0.141104294478528,0.0633576642335766,0.127952755905512,12,3270,508,17,3425,3296,2057,21.7142857142857,293.857142857143,7.38940204180846
2020-04-01,"Onondaga",17,234,191,3616,8,215,82,30,234,229,151,21.5714285714286,4.68406450236002,0.0890052356020942,0.064712389380531,0.109533468559838,8,3434.33333333333,493,16,3616,3389,1982,21.5714285714286,283.142857142857,7.61856710393542
2020-04-02,"Onondaga",18,252,195,3811,8,234.333333333333,72,30,252,244,137,19.5714285714286,4.2497803763134,0.0923076923076923,0.0661243768039885,0.105646630236794,8,3617.33333333333,549,17,3811,3524,1733,19.5714285714286,247.571428571429,7.90536641661858
2020-04-03,"Onondaga",10,262,221,4032,4,249.333333333333,68,21,262,245,133,19,4.12569919744293,0.0452488687782805,0.0649801587301587,0.0741350906095552,4,3819.66666666667,607,18,4032,3612,1602,19,228.857142857143,8.30212234706617
2020-04-04,"Onondaga",6,268,131,4163,2,260.666666666667,51,15,268,239,116,16.5714285714286,3.59835418724346,0.0458015267175573,0.0643766514532789,0.0621572212065814,2,4002,547,15,4163,3586,1246,16.5714285714286,178,9.30979133226324
2020-04-05,"Onondaga",3,271,89,4252,1,267,37,8,271,219,91,13,2.82284681930306,0.0337078651685393,0.0637347130761994,0.0430839002267574,1,4149,441,12,4252,3137,1129,13,161.285714285714,8.06023029229407
2020-04-06,"Onondaga",64,335,689,4941,24,291.333333333333,83,28,335,275,141,20.1428571428571,4.37386155518386,0.0928882438316401,0.0678000404776361,0.0803080308030803,24,4452,909,23,4940,3697,1679,20.1428571428571,239.857142857143,8.39785586658726
2020-04-07,"Onondaga",12,347,126,5067,4,317.666666666667,85,29,347,282,130,18.5714285714286,4.03263831329009,0.0952380952380952,0.0684823366883758,0.0873893805309734,4,4753.33333333333,904,22,5066,3699,1642,18.5714285714286,234.571428571429,7.91717417783191
2020-04-08,"Onondaga",11,358,245,5312,3,346.666666666667,90,32,358,275,124,17.7142857142857,3.84651654498439,0.0448979591836735,0.067394578313253,0.0820754716981132,3,5106.66666666667,1060,25,5308,3678,1696,17.7142857142857,242.285714285714,7.31132075471698
2020-04-09,"Onondaga",11,369,148,5460,3,358,98,10,369,254,117,16.7142857142857,3.62937448196108,0.0743243243243243,0.0675824175824176,0.0655105973025048,3,5279.66666666667,519,11,5455,3382,1649,16.7142857142857,235.571428571429,7.0952092177077
2020-04-10,"Onondaga",11,380,116,5576,3,369,45,10,380,251,118,16.8571428571429,3.66039477667869,0.0948275862068965,0.0681492109038737,0.0648330058939096,3,5449.33333333333,509,10,5562,3146,1544,16.8571428571429,220.571428571429,7.64248704663212
2020-04-11,"Onondaga",17,397,169,5745,4,382,50,11,397,245,129,18.4285714285714,4.00161801857247,0.100591715976331,0.0691035683202785,0.0900692840646651,4,5593.66666666667,433,8,5713,2828,1582,18.4285714285714,226,8.15423514538559
2020-04-12,"Onondaga",19,416,142,5887,5,397.666666666667,58,13,415,236,145,20.7142857142857,4.49794273405433,0.133802816901408,0.0706641753015118,0.110070257611241,5,5736,427,8,5828,2764,1635,20.7142857142857,233.571428571429,8.86850152905199
2020-04-13,"Onondaga",15,431,120,6007,4,414.666666666667,62,13,429,237,96,13.7142857142857,2.97794829289114,0.125,0.0717496254369902,0.118329466357309,4,5879.66666666667,431,8,5893,2745,1066,13.7142857142857,152.285714285714,9.00562851782364
2020-04-14,"Onondaga",18,449,219,6226,4,432,69,13,447,232,102,14.5714285714286,3.16407006119684,0.0821917808219178,0.0721169290073884,0.108108108108108,4,6040,481,8,6097,2801,1159,14.5714285714286,165.571428571429,8.8006902502157
2020-04-15,"Onondaga",13,462,134,6360,3,447.333333333333,65,11,457,228,104,14.8571428571429,3.22611065063207,0.0970149253731343,0.0726415094339623,0.0972515856236787,3,6197.66666666667,473,8,6133,2744,1048,14.8571428571429,149.714285714286,9.9236641221374
2020-04-16,"Onondaga",21,483,181,6541,5,464.666666666667,67,12,475,231,114,16.2857142857143,3.53631359780823,0.116022099447514,0.0738419201956887,0.0973782771535581,5,6375.66666666667,534,9,6254,2730,1081,16.2857142857143,154.428571428571,10.5457909343201
2020-04-17,"Onondaga",9,492,152,6693,2,479,61,10,475,230,112,16,3.474273008373,0.0592105263157895,0.0735096369341103,0.0920770877944325,2,6531.33333333333,467,8,6273,2661,1117,16,159.571428571429,10.0268576544315
2020-04-18,"Onondaga",6,498,118,6811,1,491,49,8,469,230,101,14.4285714285714,3.13304976647922,0.0508474576271186,0.073117016590809,0.0798226164079823,1,6681.66666666667,451,7,6234,2648,1066,14.4285714285714,152.285714285714,9.47467166979362
2020-04-19,"Onondaga",11,509,113,6924,2,499.666666666667,47,5,457,238,93,13.2857142857143,2.88488740873829,0.0973451327433628,0.0735124205661467,0.0678851174934726,2,6809.33333333333,383,6,5809,2672,1037,13.2857142857143,148.142857142857,8.96817743490839
2020-04-20,"Onondaga",5,514,101,7025,1,507,31,4,454,179,83,11.8571428571429,2.57468446156213,0.0495049504950495,0.0731672597864769,0.0662650602409639,1,6920,332,5,5781,2084,1018,11.8571428571429,145.428571428571,8.1532416502947
2020-04-21,"Onondaga",12,526,152,7177,2,516.333333333333,34,6,461,179,77,11,2.38856269325644,0.0789473684210526,0.0732896753518183,0.0765027322404372,2,7042,366,5,5809,2110,951,11,135.857142857143,8.09674027339642
2020-04-22,"Onondaga",74,600,705,7882,14,546.666666666667,102,18,517,242,138,19.7142857142857,4.28080067103102,0.104964539007092,0.0761228114691703,0.0949895615866388,14,7361.33333333333,958,14,6248,2570,1522,19.7142857142857,217.428571428571,9.06701708278581
2020-04-23,"Onondaga",39,639,722,8604,6,588.333333333333,130,24,524,270,156,22.2857142857143,4.8391659759481,0.054016620498615,0.0742677824267782,0.0791640278657378,6,7887.66666666667,1579,22,6526,3144,2063,22.2857142857143,294.714285714286,7.56180319922443
2020-04-24,"Onondaga",25,664,530,9134,4,634.333333333333,150,26,535,284,172,24.5714285714286,5.33549069142996,0.0471698113207547,0.0726954236917013,0.0705160960654062,4,8540,1957,27,6704,3558,2441,24.5714285714286,348.714285714286,7.04629250307251
2020-04-25,"Onondaga",28,692,280,9414,4,665,166,15,540,295,194,27.7142857142857,6.01793717521752,0.1,0.0735075419587848,0.0600522193211488,4,9050.66666666667,1532,19,6497,3669,2603,27.7142857142857,371.857142857143,7.45293891663465
2020-04-26,"Onondaga",34,726,256,9670,5,694,126,14,546,310,217,31,6.73140395372268,0.1328125,0.0750775594622544,0.0816135084427767,5,9406,1066,12,6547,3783,2746,31,392.285714285714,7.90240349599417
2020-04-27,"Onondaga",16,742,268,9938,2,720,103,12,548,311,228,32.5714285714286,7.07262719561646,0.0597014925373134,0.074662910042262,0.0970149253731343,2,9674,804,9,6676,3931,2913,32.5714285714286,416.142857142857,7.826982492276
2020-04-28,"Onondaga",40,782,386,10324,5,750,118,13,565,333,256,36.5714285714286,7.94119544770971,0.103626943005181,0.0757458349476947,0.0989010989010989,5,9977.33333333333,910,10,6899,4098,3147,36.5714285714286,449.571428571429,8.13473149030823
2020-04-29,"Onondaga",50,832,343,10667,6,785.333333333333,140,15,598,370,232,33.1428571428571,7.19670837448692,0.145772594752187,0.0779975625761695,0.106318956870612,6,10309.6666666667,997,10,7051,4307,2785,33.1428571428571,397.857142857143,8.33034111310593
2020-04-30,"Onondaga",28,860,334,11001,3,824.666666666667,134,16,608,377,221,31.5714285714286,6.85548513259315,0.0838323353293413,0.0781747113898736,0.111006585136406,3,10664,1063,11,7190,4460,2397,31.5714285714286,342.428571428571,9.21985815602837
2020-05-01,"Onondaga",43,903,433,11434,5,865,161,15,641,411,239,34.1428571428571,7.41385043751024,0.0993071593533487,0.0789749868812314,0.109009009009009,5,11034,1110,11,7402,4741,2300,34.1428571428571,328.571428571429,10.3913043478261
2020-05-02,"Onondaga",49,952,593,12027,5,905,170,14,684,454,260,37.1428571428571,8.06527662658018,0.0826306913996627,0.0791552340567057,0.0882352941176471,5,11487.3333333333,1360,13,7864,5216,2613,37.1428571428571,373.285714285714,9.95024875621891
2020-05-03,"Onondaga",19,971,436,12463,2,942,139,13,700,462,245,35,7.59997220581593,0.0435779816513761,0.0779106154216481,0.0759233926128591,2,11974.6666666667,1462,13,8211,5539,2793,35,399,8.7719298245614
2020-05-04,"Onondaga",31,1002,176,12639,3,975,142,11,667,488,260,37.1428571428571,8.06527662658018,0.176136363636364,0.0792784239259435,0.0821576763485477,3,12376.3333333333,1205,11,7698,5614,2701,37.1428571428571,385.857142857143,9.62606442058497
2020-05-05,"Onondaga",54,1056,731,13370,5,1009.66666666667,153,11,709,530,274,39.1428571428571,8.4995607526268,0.0738714090287278,0.0789827973074046,0.0774385703648548,5,12824,1343,11,8303,6193,3046,39.1428571428571,435.142857142857,8.99540380827314
2020-05-06,"Onondaga",59,1115,534,13904,6,1057.66666666667,163,15,757,515,283,40.4285714285714,8.77874340508534,0.110486891385768,0.080192750287687,0.0999306037473976,6,13304.3333333333,1441,12,8592,6022,3237,40.4285714285714,462.428571428571,8.74266295953043
2020-05-07,"Onondaga",54,1169,407,14311,5,1113.33333333333,198,17,800,530,309,44.1428571428571,9.58527106774336,0.132678132678133,0.0816854168122423,0.0998803827751196,5,13861.6666666667,1672,13,8851,5707,3310,44.1428571428571,472.857142857143,9.33534743202417
2020-05-08,"Onondaga",49,1218,464,14775,4,1167.33333333333,216,15,838,554,315,45,9.77139283604906,0.105603448275862,0.0824365482233503,0.115302491103203,4,14330,1405,11,9199,5641,3341,45,477.285714285714,9.42831487578569
2020-05-09,"Onondaga",47,1265,507,15282,4,1217.33333333333,209,13,868,573,313,44.7142857142857,9.70935224661383,0.0927021696252465,0.0827771234131658,0.108853410740203,4,14789.3333333333,1378,10,9537,5868,3255,44.7142857142857,465,9.61597542242703
2020-05-10,"Onondaga",22,1287,240,15522,2,1256.66666666667,172,10,871,561,316,45.1428571428571,9.80241313076667,0.0916666666666667,0.0829145728643216,0.097440132122213,2,15193,1211,8,9635,5852,3059,45.1428571428571,437,10.330173259235
2020-05-11,"Onondaga",21,1308,329,15851,2,1286.66666666667,139,7,877,566,306,43.7142857142857,9.49221018359051,0.0638297872340425,0.082518453094442,0.0836431226765799,2,15551.6666666667,1076,7,9844,5913,3212,43.7142857142857,458.857142857143,9.52677459526775
2020-05-12,"Onondaga",87,1395,1066,16917,7,1330,177,10,946,613,339,48.4285714285714,10.5158799092718,0.0816135084427767,0.0824614293314418,0.0795107033639144,7,16096.6666666667,1635,11,10691,6593,3547,48.4285714285714,506.714285714286,9.55737242740344
2020-05-13,"Onondaga",28,1423,683,17600,2,1375.33333333333,158,11,961,591,308,44,9.55425077302574,0.04099560761347,0.0808522727272727,0.0654475457170356,2,16789.3333333333,2078,13,11240,6933,3696,44,528,8.33333333333333
2020-05-14,"Onondaga",17,1440,385,17985,1,1419.33333333333,153,10,957,580,271,38.7142857142857,8.40649986847395,0.0441558441558442,0.0800667222685571,0.0618556701030928,1,17500.6666666667,2134,13,11444,6984,3674,38.7142857142857,524.857142857143,7.37615677735438
2020-05-15,"Onondaga",29,1469,1088,19073,2,1444,161,5,977,566,251,35.8571428571429,7.78609397412163,0.0266544117647059,0.0770198710218634,0.0343228200371058,2,18219.3333333333,2156,13,12380,7639,4298,35.8571428571429,614,5.83992554676594
2020-05-16,"Onondaga",32,1501,648,19721,2,1470,106,5,1003,549,236,33.7142857142857,7.32078955335739,0.0493827160493827,0.0761117590385883,0.0367751060820368,2,18926.3333333333,2121,12,12910,7694,4439,33.7142857142857,634.142857142857,5.31651272809191
2020-05-17,"Onondaga",19,1520,483,20204,1,1496.66666666667,97,6,1011,549,233,33.2857142857143,7.22772866920454,0.0393374741200828,0.0752326272025342,0.0360522757999099,1,19666,2219,12,13280,7741,4682,33.2857142857143,668.857142857143,4.97650576676634
2020-05-18,"Onondaga",145,1665,1578,21782,10,1562,225,13,1151,663,357,51,11.0742452141889,0.0918884664131812,0.0764392617757782,0.0723514211886305,10,20569,2709,14,14757,9143,5931,51,847.285714285714,6.0192210419828
2020-05-19,"Onondaga",53,1718,1844,23626,3,1634.33333333333,249,14,1192,662,323,46.1428571428571,10.01955519379,0.0287418655097614,0.0727164987725387,0.0555697823303457,3,21870.6666666667,3905,20,16449,10256,6709,46.1428571428571,958.428571428571,4.81442837978834
2020-05-20,"Onondaga",53,1771,1137,24763,3,1718,270,17,1171,656,348,49.7142857142857,10.7950625617304,0.0466138962181179,0.071517990550418,0.0550559333187102,3,23390.3333333333,4559,23,16881,10859,7163,49.7142857142857,1023.28571428571,4.8582995951417
2020-05-21,"Onondaga",57,1828,1344,26107,3,1772.33333333333,308,10,1189,659,388,55.4285714285714,12.035874350435,0.0424107142857143,0.0700195349906155,0.0376878612716763,3,24832,4325,20,17503,11796,8122,55.4285714285714,1160.28571428571,4.77714848559468
2020-05-22,"Onondaga",76,1904,2502,28609,4,1834.33333333333,239,11,1240,686,435,62.1428571428571,13.493828202163,0.0303756994404476,0.0665524834842183,0.0373269114990969,4,26493,4983,21,19475,13834,9536,62.1428571428571,1362.28571428571,4.5616610738255
2020-05-23,"Onondaga",49,1953,1352,29961,3,1895,235,10,1261,688,452,64.5714285714286,14.0211732123625,0.0362426035502959,0.0651847401622109,0.0350134667179684,3,28225.6666666667,5198,21,20547,14679,10240,64.5714285714286,1462.85714285714,4.4140625
2020-05-24,"Onondaga",28,1981,1175,31136,1,1946,210,8,1255,694,461,65.8571428571429,14.300355864821,0.0238297872340426,0.0636241007194245,0.0304235434480016,1,29902,5029,19,21466,15614,10932,65.8571428571429,1561.71428571429,4.2169776802049
2020-05-25,"Onondaga",31,2012,1129,32265,2,1982,184,6,1270,704,347,49.5714285714286,10.7640422670128,0.0274579273693534,0.062358592902526,0.0295404814004376,2,31120.6666666667,3656,13,22327,16414,10483,49.5714285714286,1497.57142857143,3.31012114852618
2020-05-26,"Onondaga",21,2033,676,32941,1,2008.66666666667,129,4,1251,638,315,45,9.77139283604906,0.0310650887573964,0.0617164020521539,0.0268456375838926,1,32114,2980,10,22617,16024,9315,45,1330.71428571429,3.38164251207729
2020-05-27,"Onondaga",21,2054,817,33758,1,2033,101,4,1222,631,283,40.4285714285714,8.77874340508534,0.025703794369645,0.0608448367794301,0.0278413424866514,1,32988,2622,8,23091,16158,8995,40.4285714285714,1285,3.14619232907171
2020-05-28,"Onondaga",38,2092,1731,35489,2,2059.66666666667,111,4,1232,652,264,37.7142857142857,8.18935780545064,0.0219526285384171,0.0589478429936037,0.0248138957816377,2,34062.6666666667,3224,10,24488,17504,9382,37.7142857142857,1340.28571428571,2.8138989554466
2020-05-29,"Onondaga",41,2133,2101,37590,2,2093,121,5,1230,664,229,32.7142857142857,7.10364749033408,0.0195145168967158,0.0567438148443735,0.0215100021510002,2,35612.3333333333,4649,14,26156,18517,8981,32.7142857142857,1283,2.54982741342835
2020-05-30,"Onondaga",37,2170,1829,39419,2,2131.66666666667,137,6,1218,669,217,31,6.73140395372268,0.0202296336796063,0.0550495953727898,0.0204910793146087,2,37499.3333333333,5661,17,27392,19698,9458,31,1351.14285714286,2.29435398604356
2020-05-31,"Onondaga",27,2197,1074,40493,1,2166.66666666667,143,5,1226,677,216,30.8571428571429,6.70038365900507,0.0251396648044693,0.0542562912108266,0.0209832134292566,1,39167.3333333333,5004,14,28030,20289,9357,30.8571428571429,1336.71428571429,2.30843218980442
2020-06-01,"Onondaga",31,2228,1035,41528,1,2198.33333333333,136,4,1226,563,216,30.8571428571429,6.70038365900507,0.029951690821256,0.0536505490271624,0.0241239207719655,1,40480,3938,10,28889,19746,9263,30.8571428571429,1323.28571428571,2.33185792939652
2020-06-02,"Onondaga",28,2256,1522,43050,1,2227,123,4,1200,538,223,31.8571428571429,6.91752572202838,0.0183968462549277,0.052404181184669,0.0236849352795373,1,41690.3333333333,3631,9,29680,19424,10109,31.8571428571429,1444.14285714286,2.20595508952419
2020-06-03,"Onondaga",39,2295,2189,45239,2,2259.66666666667,125,4,1180,524,241,34.4285714285714,7.47589102694547,0.0178163544997716,0.0507305643360817,0.0206489675516224,2,43272.3333333333,4746,12,31335,20476,11481,34.4285714285714,1640.14285714286,2.0991202856894
2020-06-04,"Onondaga",34,2329,1601,46840,1,2293.33333333333,132,5,1160,501,237,33.8571428571429,7.351809848075,0.0212367270455965,0.0497224594363792,0.0190135542168675,1,45043,5312,13,32529,20733,11351,33.8571428571429,1621.57142857143,2.08792176900714
2020-06-05,"Onondaga",46,2375,2186,49026,2,2333,147,5,1157,471,242,34.5714285714286,7.50691132166309,0.0210430009149131,0.0484436829437441,0.0199129852744311,2,47035,5976,14,34251,20417,11436,34.5714285714286,1633.71428571429,2.11612451906261
2020-06-06,"Onondaga",17,2392,1345,50371,1,2365.33333333333,136,4,1127,439,222,31.7142857142857,6.88650542731076,0.012639405204461,0.0474876416985964,0.0189010132501949,1,48745.6666666667,5132,11,35089,20410,10952,31.7142857142857,1564.57142857143,2.02702702702703
2020-06-07,"Onondaga",16,2408,2040,52411,1,2391.66666666667,113,3,1121,427,211,30.1428571428571,6.54528218541699,0.00784313725490196,0.0459445536242392,0.014180577993179,1,50602.6666666667,5571,12,36889,21275,11918,30.1428571428571,1702.57142857143,1.77043128041618
2020-06-08,"Onondaga",19,2427,1004,53415,1,2409,98,2,1119,415,199,28.4285714285714,6.1730386488056,0.0189243027888446,0.0454366750912665,0.0118478013214855,1,52065.6666666667,4389,9,37564,21150,11887,28.4285714285714,1698.14285714286,1.67409775384874
2020-06-09,"Onondaga",6,2433,2197,55612,0,2422.66666666667,58,2,1038,400,177,25.2857142857143,5.49059216501804,0.00273099681383705,0.043749550456736,0.00782293455447434,0,53812.6666666667,5241,10,38695,22671,12562,25.2857142857143,1794.57142857143,1.40901130393249
2020-06-10,"Onondaga",21,2454,1222,56834,1,2438,62,2,1031,400,159,22.7142857142857,4.93222686010095,0.0171849427168576,0.0431783791392476,0.0104001808727108,1,55287,4423,8,39234,23076,11595,22.7142857142857,1656.42857142857,1.37128072445019
2020-06-11,"Onondaga",20,2474,2072,58906,1,2453.66666666667,66,2,1034,382,145,20.7142857142857,4.49794273405433,0.00965250965250965,0.0419991172376328,0.00855946093607722,1,57117.3333333333,5491,10,40921,23417,12066,20.7142857142857,1723.71428571429,1.20172385214653
2020-06-12,"Onondaga",24,2498,1498,60404,1,2475.33333333333,71,3,1029,365,123,17.5714285714286,3.81549625026678,0.0160213618157543,0.0413548771604529,0.0135642737896494,1,58714.6666666667,4792,9,41331,22814,11378,17.5714285714286,1625.42857142857,1.08103357356302
2020-06-13,"Onondaga",21,2519,2756,63160,1,2497,86,3,1018,349,127,18.1428571428571,3.93957742913724,0.00761973875181422,0.0398828372387587,0.010275055327221,1,60823.3333333333,6326,11,43439,23741,12789,18.1428571428571,1827,0.993040894518727
2020-06-14,"Onondaga",12,2531,847,64007,0,2516,77,2,1011,334,123,17.5714285714286,3.81549625026678,0.0141676505312869,0.0395425500335901,0.0111742795530288,0,62523.6666666667,5101,9,43803,23514,11596,17.5714285714286,1656.57142857143,1.06071058985857
2020-06-15,"Onondaga",14,2545,1345,65352,1,2531.66666666667,71,2,880,317,118,16.8571428571429,3.66039477667869,0.0104089219330855,0.0389429550740605,0.00949878738884398,1,64173,4948,8,43570,23824,11937,16.8571428571429,1705.28571428571,0.988523079500712
2020-06-16,"Onondaga",13,2558,870,66222,1,2544.66666666667,60,2,840,302,125,17.8571428571429,3.87753683970201,0.0149425287356322,0.038627646401498,0.0127367733507511,1,65193.6666666667,3062,5,42596,23172,10610,17.8571428571429,1515.71428571429,1.17813383600377
2020-06-17,"Onondaga",57,2615,1440,67662,2,2572.66666666667,96,3,844,320,161,23,4.99426744953618,0.0395833333333333,0.0386479855753599,0.0229822161422709,2,66412,3655,6,42899,22423,10828,23,1546.85714285714,1.48688585149612
2020-06-18,"Onondaga",19,2634,1694,69356,1,2602.33333333333,103,3,806,305,160,22.8571428571429,4.96324715481857,0.0112160566706021,0.0379779687409885,0.0222277722277722,1,67746.6666666667,4004,6,43249,22516,10450,22.8571428571429,1492.85714285714,1.5311004784689
2020-06-19,"Onondaga",10,2644,1270,70626,0,2631,99,3,740,269,146,20.8571428571429,4.52896302877194,0.0078740157480315,0.0374366380653017,0.01952770208901,0,69214.6666666667,4404,7,42017,21600,10222,20.8571428571429,1460.28571428571,1.42829191938955
2020-06-20,"Onondaga",22,2666,2328,72954,1,2648,108,2,713,274,147,21,4.55998332348956,0.00945017182130584,0.036543575403679,0.00963718820861678,1,70978.6666666667,5292,8,42993,22583,9794,21,1399.14285714286,1.50091892995712
2020-06-21,"Onondaga",9,2675,954,73908,0,2661.66666666667,60,2,694,267,144,20.5714285714286,4.46692243933671,0.00943396226415094,0.0361936461546788,0.00900702987697715,0,72496,4552,7,42772,21497,9901,20.5714285714286,1414.42857142857,1.45439854560145
2020-06-22,"Onondaga",27,2702,1060,74968,1,2681,68,2,690,275,157,22.4285714285714,4.87018627066572,0.0254716981132075,0.0360420446056984,0.0133578995854445,1,73943.3333333333,4342,6,42703,21553,9616,22.4285714285714,1373.71428571429,1.63269550748752
2020-06-23,"Onondaga",32,2734,1234,76202,1,2703.66666666667,90,3,701,301,176,25.1428571428571,5.45957187030043,0.0259319286871961,0.0358783234035852,0.020935960591133,1,75026,3248,4,43261,20590,9980,25.1428571428571,1425.71428571429,1.76352705410822
2020-06-24,"Onondaga",17,2751,1183,77385,1,2729,85,3,697,297,136,19.4285714285714,4.21876008159578,0.0143702451394759,0.0355495251017639,0.0218579234972678,1,76185,3477,5,43627,20551,9723,19.4285714285714,1389,1.39874524323768
2020-06-25,"Onondaga",31,2782,1402,78787,1,2755.66666666667,107,3,690,308,148,21.1428571428571,4.59100361820718,0.0221112696148359,0.0353103938467006,0.0209478921183556,1,77458,3819,5,43298,19881,9431,21.1428571428571,1347.28571428571,1.56929275792599
2020-06-26,"Onondaga",9,2791,1517,80304,0,2774.66666666667,89,2,658,293,147,21,4.55998332348956,0.00593276203032301,0.0347554293684001,0.0138956606533398,0,78825.3333333333,4102,5,42714,19900,9678,21,1382.57142857143,1.51890886546807
2020-06-27,"Onondaga",25,2816,1721,82025,1,2796.33333333333,82,2,646,297,150,21.4285714285714,4.65304420764241,0.0145264381173736,0.0343309966473636,0.0140086206896552,1,80372,4640,6,42606,18865,9071,21.4285714285714,1295.85714285714,1.65362143093374
2020-06-28,"Onondaga",6,2822,1257,83282,0,2809.66666666667,71,1,625,291,147,21,4.55998332348956,0.00477326968973747,0.0338848730818184,0.00889877641824249,0,81870.3333333333,4495,6,42789,19275,9374,21,1339.14285714286,1.56816727117559
2020-06-29,"Onondaga",20,2842,1288,84570,1,2826.66666666667,60,2,614,297,140,20,4.34284126046625,0.015527950310559,0.0336052973867802,0.0119549929676512,1,83292.3333333333,4266,5,43042,19218,9602,20,1371.71428571429,1.45802957717142
2020-06-30,"Onondaga",21,2863,1368,85938,1,2842.33333333333,72,2,607,305,129,18.4285714285714,4.00161801857247,0.0153508771929825,0.0333147152598385,0.0120112445693841,1,84596.6666666667,3913,5,42888,19716,9736,18.4285714285714,1390.85714285714,1.32497945768283
2020-07-01,"Onondaga",34,2897,1909,87847,1,2867.33333333333,81,3,602,282,146,20.8571428571429,4.52896302877194,0.0178103719224725,0.0329777909319613,0.0164293537787514,1,86118.3333333333,4565,5,42608,20185,10462,20.8571428571429,1494.57142857143,1.39552666794112
2020-07-02,"Onondaga",12,2909,968,88815,0,2889.66666666667,87,2,580,275,127,18.1428571428571,3.93957742913724,0.012396694214876,0.032753476327197,0.0157832744405183,0,87533.3333333333,4245,5,41975,19459,10028,18.1428571428571,1432.57142857143,1.2664539289988
2020-07-03,"Onondaga",19,2928,843,89658,1,2911.33333333333,86,2,553,284,137,19.5714285714286,4.2497803763134,0.0225385527876631,0.0326574315733119,0.0174731182795699,1,88773.3333333333,3720,4,40632,19032,9354,19.5714285714286,1336.28571428571,1.46461406884755
2020-07-04,"Onondaga",21,2949,856,90514,1,2928.66666666667,86,2,557,283,133,19,4.12569919744293,0.0245327102803738,0.0325805952670305,0.0194975628046494,1,89662.3333333333,2667,3,40143,17560,8489,19,1212.71428571429,1.56673341971964
2020-07-05,"Onondaga",14,2963,651,91165,0,2946.66666666667,66,2,555,288,141,20.1428571428571,4.37386155518386,0.021505376344086,0.0325015082542642,0.0229787234042553,0,90445.6666666667,2350,3,38754,17257,7883,20.1428571428571,1126.14285714286,1.78865913992135
2020-07-06,"Onondaga",34,2997,1455,92620,1,2969.66666666667,88,2,570,295,155,22.1428571428571,4.80814568123049,0.0233676975945017,0.0323580220254805,0.0232950708980419,1,91433,2962,3,39205,17652,8050,22.1428571428571,1150,1.92546583850932
2020-07-07,"Onondaga",32,3029,1911,94531,1,2996.33333333333,101,3,596,295,166,23.7142857142857,5.14936892312426,0.0167451596023025,0.032042398789815,0.019915359721185,1,92772,4017,4,38919,18329,8593,23.7142857142857,1227.57142857143,1.93180495752357
2020-07-08,"Onondaga",21,3050,2070,96601,1,3025.33333333333,101,3,596,299,153,21.8571428571429,4.74610509179526,0.0101449275362319,0.0315731721203714,0.0160044150110375,1,94584,5436,6,39767,19216,8754,21.8571428571429,1250.57142857143,1.74777244688143
2020-07-09,"Onondaga",28,3078,1155,97756,1,3052.33333333333,115,3,604,296,169,24.1428571428571,5.24242980727711,0.0242424242424242,0.0314865583698187,0.0157710280373832,1,96296,5136,6,38850,18969,8941,24.1428571428571,1277.28571428571,1.8901688849122
2020-07-10,"Onondaga",22,3100,1161,98917,1,3076,103,2,602,309,172,24.5714285714286,5.33549069142996,0.0189491817398794,0.0313394057644288,0.016187870497036,1,97758,4386,5,38513,18613,9259,24.5714285714286,1322.71428571429,1.8576520142564
2020-07-11,"Onondaga",24,3124,1344,100261,1,3100.66666666667,95,2,605,308,175,25,5.42855157558281,0.0178571428571429,0.0311586758560158,0.0202185792349727,1,98978,3660,4,37101,18236,9747,25,1392.42857142857,1.79542423309736
2020-07-12,"Onondaga",18,3142,1288,101549,1,3122,92,2,611,320,179,25.5714285714286,5.55263275445327,0.0139751552795031,0.0309407281213995,0.0168731874505668,1,100242.333333333,3793,4,37542,18267,10384,25.5714285714286,1483.42857142857,1.72380585516179
2020-07-13,"Onondaga",37,3179,2118,103667,1,3148.33333333333,101,3,634,337,182,26,5.64569363860612,0.0174693106704438,0.0306654962524236,0.0166315789473684,1,101825.666666667,4750,5,38315,19097,11047,26,1578.14285714286,1.64750611025618
2020-07-14,"Onondaga",24,3203,1227,104894,1,3174.66666666667,103,3,645,340,174,24.8571428571429,5.39753128086519,0.019559902200489,0.0305355883081968,0.017051586445068,1,103370,4633,5,38672,18956,10363,24.8571428571429,1480.42857142857,1.67905046801119
2020-07-15,"Onondaga",22,3225,1697,106591,1,3202.33333333333,101,3,610,328,175,25,5.42855157558281,0.0129640542133176,0.0302558377348932,0.0164617215390718,1,105050.666666667,5042,5,38929,18744,9990,25,1427.14285714286,1.75175175175175
2020-07-16,"Onondaga",15,3240,2153,108744,0,3222.66666666667,98,2,606,331,162,23.1428571428571,5.0252877442538,0.00696702275894101,0.0297947472964026,0.0120149694701595,0,106743,5077,5,39388,19929,10988,23.1428571428571,1569.71428571429,1.47433563887878
2020-07-17,"Onondaga",22,3262,1912,110656,1,3242.33333333333,83,2,618,334,162,23.1428571428571,5.0252877442538,0.0115062761506276,0.0294787449392713,0.0102395001735509,1,108663.666666667,5762,5,40030,20998,11739,23.1428571428571,1677,1.38001533350371
2020-07-18,"Onondaga",16,3278,1100,111756,0,3260,75,2,612,329,154,22,4.77712538651287,0.0145454545454545,0.029331758473818,0.0102613746369797,0,110385.333333333,5165,5,38802,21242,11495,22,1642.14285714286,1.33971291866029
2020-07-19,"Onondaga",12,3290,1758,113514,0,3276.66666666667,65,2,615,327,148,21.1428571428571,4.59100361820718,0.0068259385665529,0.02898320911958,0.010482180293501,0,111975.333333333,4770,4,39606,22349,11965,21.1428571428571,1709.28571428571,1.23694107814459
2020-07-20,"Onondaga",22,3312,1918,115432,1,3293.33333333333,72,2,610,315,133,19,4.12569919744293,0.0114702815432742,0.0286922170628595,0.0104690117252931,1,113567.333333333,4776,4,40464,22812,11765,19,1680.71428571429,1.13047173820654
2020-07-21,"Onondaga",14,3326,1844,117276,0,3309.33333333333,64,1,592,297,123,17.5714285714286,3.81549625026678,0.00759219088937093,0.0283604488556908,0.00869565217391304,0,115407.333333333,5520,5,41074,22745,12382,17.5714285714286,1768.85714285714,0.993377483443709
2020-07-22,"Onondaga",18,3344,1965,119241,1,3327.33333333333,66,2,593,294,119,17,3.69141507139631,0.00916030534351145,0.0280440452528912,0.00942902042954426,1,117316.333333333,5727,5,41856,22640,12650,17,1807.14285714286,0.940711462450593
2020-07-23,"Onondaga",16,3360,2174,121415,0,3343.33333333333,70,1,578,282,120,17.1428571428571,3.72243536611393,0.00735970561177553,0.0276736811761314,0.00802273107136888,0,119310.666666667,5983,5,42628,23659,12671,17.1428571428571,1810.14285714286,0.947044432167943
2020-07-24,"Onondaga",18,3378,1868,123283,1,3360.66666666667,66,2,587,278,116,16.5714285714286,3.59835418724346,0.00963597430406852,0.0274003715029647,0.00865656733810554,1,121313,6007,5,42979,24366,12627,16.5714285714286,1803.85714285714,0.918666349885167
2020-07-25,"Onondaga",11,3389,2415,125698,0,3375.66666666667,63,1,573,265,111,15.8571428571429,3.44325271365538,0.00455486542443064,0.0269614472783974,0.00696918073408704,0,123465.333333333,6457,5,43673,25437,13942,15.8571428571429,1991.71428571429,0.796155501362789
2020-07-26,"Onondaga",9,3398,1790,127488,0,3388.33333333333,54,1,576,256,108,15.4285714285714,3.35019182950253,0.00502793296089385,0.0266534889558233,0.00625720401778363,0,125489.666666667,6073,5,44206,25939,13974,15.4285714285714,1996.28571428571,0.77286389008158
2020-07-27,"Onondaga",21,3419,1744,129232,1,3402,59,1,577,240,107,15.2857142857143,3.31917153478492,0.0120412844036697,0.0264562956543271,0.00689191460749706,1,127472.666666667,5949,5,44662,25565,13800,15.2857142857143,1971.42857142857,0.77536231884058
2020-07-28,"Onondaga",18,3437,1664,130896,1,3418,59,1,574,234,111,15.8571428571429,3.44325271365538,0.0108173076923077,0.0262574868597971,0.00923432089265102,1,129205.333333333,5198,4,44958,26002,13620,15.8571428571429,1945.71428571429,0.814977973568282
2020-07-29,"Onondaga",22,3459,1408,132304,1,3438.33333333333,70,2,562,234,115,16.4285714285714,3.56733389252585,0.015625,0.026144334260491,0.0126661129568106,1,130810.666666667,4816,4,44457,25713,13063,16.4285714285714,1866.14285714286,0.880349077547271
2020-07-30,"Onondaga",5,3464,1481,133785,0,3453.33333333333,66,1,555,224,104,14.8571428571429,3.22611065063207,0.00337609723160027,0.0258922898680719,0.00988359323522952,0,132328.333333333,4553,4,44970,25041,12370,14.8571428571429,1767.14285714286,0.840743734842361
2020-07-31,"Onondaga",13,3477,1678,135463,0,3466.66666666667,58,1,549,215,99,14.1428571428571,3.07100917704399,0.00774731823599523,0.0256675254497538,0.00875848478213269,0,133850.666666667,4567,3,45805,24807,12180,14.1428571428571,1740,0.812807881773399
2020-08-01,"Onondaga",8,3485,1274,136737,0,3475.33333333333,48,1,536,207,96,13.7142857142857,2.97794829289114,0.00627943485086342,0.0254868835794262,0.00586510263929619,0,135328.333333333,4433,3,46223,24981,11039,13.7142857142857,1577,0.869643989491802
2020-08-02,"Onondaga",5,3490,689,137426,0,3484,31,1,527,200,92,13.1428571428571,2.85386711402068,0.00725689404934688,0.0253954855704161,0.00714089535841802,0,136542,3641,3,46261,23912,9938,13.1428571428571,1419.71428571429,0.925739585429664
2020-08-03,"Onondaga",25,3515,3057,140483,1,3496.66666666667,51,1,518,203,96,13.7142857142857,2.97794829289114,0.00817795224075891,0.025020821024608,0.00756972111553785,1,138215.333333333,5020,4,47863,25051,11251,13.7142857142857,1607.28571428571,0.853257488223269
2020-08-04,"Onondaga",10,3525,2030,142513,0,3510,48,1,496,199,88,12.5714285714286,2.72978593515021,0.00492610837438424,0.0247345856167508,0.00692520775623269,0,140140.666666667,5776,4,47982,25237,11617,12.5714285714286,1659.57142857143,0.757510544891108
2020-08-05,"Onondaga",10,3535,1499,144012,0,3525,50,1,485,191,76,10.8571428571429,2.35754239853882,0.0066711140760507,0.0245465655639808,0.00683267537200121,0,142336,6586,5,47411,24771,11708,10.8571428571429,1672.57142857143,0.649128800819952
2020-08-06,"Onondaga",21,3556,2037,146049,1,3538.66666666667,66,1,478,196,92,13.1428571428571,2.85386711402068,0.0103092783505155,0.024347992796938,0.00736615163492634,1,144191.333333333,5566,4,48293,24634,12264,13.1428571428571,1752,0.750163078930202
2020-08-07,"Onondaga",9,3565,1799,147848,0,3552,50,1,465,187,88,12.5714285714286,2.72978593515021,0.00500277932184547,0.0241126021319193,0.00749765698219306,0,145969.666666667,5335,4,48931,24565,12385,12.5714285714286,1769.28571428571,0.710536939846589
2020-08-08,"Onondaga",11,3576,1052,148900,0,3565.66666666667,51,1,452,187,91,13,2.82284681930306,0.0104562737642586,0.0240161182001343,0.00838788870703764,0,147599,4888,3,48639,23202,12163,13,1737.57142857143,0.748170681575269
2020-08-09,"Onondaga",9,3585,806,149706,0,3575.33333333333,50,1,443,187,95,13.5714285714286,2.94692799817352,0.011166253101737,0.0239469359945493,0.00792999726551818,0,148818,3657,3,48157,22218,12280,13.5714285714286,1754.28571428571,0.773615635179153
2020-08-10,"Onondaga",17,3602,4122,153828,0,3587.66666666667,46,1,423,183,87,12.4285714285714,2.6987656404326,0.00412421154779233,0.0234157630600411,0.00618729096989967,0,150811.333333333,5980,4,50161,24596,13345,12.4285714285714,1906.42857142857,0.651929561633571
2020-08-11,"Onondaga",11,3613,1526,155354,0,3600,48,1,410,176,88,12.5714285714286,2.72978593515021,0.0072083879423329,0.0232565624316078,0.00573287883483111,0,152962.666666667,6454,4,50460,24458,12841,12.5714285714286,1834.42857142857,0.68530488279729
2020-08-12,"Onondaga",14,3627,1208,156562,0,3614,51,1,402,168,92,13.1428571428571,2.85386711402068,0.0115894039735099,0.0231665410508297,0.00612602100350058,0,155248,6856,5,49971,24258,12550,13.1428571428571,1792.85714285714,0.733067729083665
2020-08-13,"Onondaga",19,3646,1784,158346,1,3628.66666666667,61,1,406,182,90,12.8571428571429,2.79182652458544,0.0106502242152466,0.0230255263789423,0.00973882248782647,1,156754,4518,3,49602,24561,12297,12.8571428571429,1756.71428571429,0.731885825811173
2020-08-14,"Onondaga",17,3663,1984,160330,0,3645.33333333333,61,1,401,186,98,14,3.03998888232637,0.00856854838709677,0.0228466288280422,0.010048231511254,0,158412.666666667,4976,3,49674,24867,12482,14,1783.14285714286,0.785130588046787
2020-08-15,"Onondaga",11,3674,1102,161432,0,3661,61,1,396,189,98,14,3.03998888232637,0.00998185117967332,0.0227588086624709,0.00965092402464066,0,160036,4870,3,49676,24695,12532,14,1790.28571428571,0.781998084902649
2020-08-16,"Onondaga",6,3680,1956,163388,0,3672.33333333333,53,1,390,190,95,13.5714285714286,2.94692799817352,0.00306748466257669,0.0225230739099567,0.00674335581118604,0,161716.666666667,5042,3,49874,25962,13682,13.5714285714286,1954.57142857143,0.694342932319836
2020-08-17,"Onondaga",16,3696,1933,165321,0,3683.33333333333,50,1,384,181,94,13.4285714285714,2.91590770345591,0.008277289187791,0.0223565064329396,0.00661190142256061,0,163380.333333333,4991,3,49889,24838,11493,13.4285714285714,1641.85714285714,0.817889149917341
2020-08-18,"Onondaga",16,3712,1885,167206,0,3696,49,1,386,187,99,14.1428571428571,3.07100917704399,0.00848806366047745,0.0222001602813296,0.00658122618635262,0,165305,5774,4,49930,24693,11852,14.1428571428571,1693.14285714286,0.835302058724266
2020-08-19,"Onondaga",7,3719,2150,169356,0,3709,45,1,375,184,92,13.1428571428571,2.85386711402068,0.00325581395348837,0.0219596589432911,0.00653485254691689,0,167294.333333333,5968,4,50115,25344,12794,13.1428571428571,1827.71428571429,0.71908707206503
2020-08-20,"Onondaga",24,3743,2297,171653,1,3724.66666666667,63,1,383,187,97,13.8571428571429,3.00896858760876,0.0104484109708315,0.021805619476502,0.00742261528742893,1,169405,6332,4,50238,25604,13307,13.8571428571429,1901,0.728939655820245
2020-08-21,"Onondaga",13,3756,2177,173830,0,3739.33333333333,60,1,378,191,93,13.2857142857143,2.88488740873829,0.00597152044097382,0.0216073174941034,0.00664251207729469,0,171613,6624,4,50547,25982,13500,13.2857142857143,1928.57142857143,0.688888888888889
2020-08-22,"Onondaga",2,3758,1402,175232,0,3752.33333333333,46,1,369,182,84,12,2.60570475627975,0.0014265335235378,0.0214458546384222,0.00663716814159292,0,173571.666666667,5876,3,49534,26332,13800,12,1971.42857142857,0.608695652173913
2020-08-23,"Onondaga",10,3768,844,176076,0,3760.66666666667,49,1,370,183,88,12.5714285714286,2.72978593515021,0.0118483412322275,0.0213998500647448,0.0056522722134298,0,175046,4423,3,48588,26370,12688,12.5714285714286,1812.57142857143,0.693568726355612
2020-08-24,"Onondaga",24,3792,3288,179364,1,3772.66666666667,49,1,373,190,96,13.7142857142857,2.97794829289114,0.0072992700729927,0.0211413661604335,0.00650524033249006,1,176890.666666667,5534,3,50132,25536,14043,13.7142857142857,2006.14285714286,0.683614612262337
2020-08-25,"Onondaga",9,3801,1168,180532,0,3787,45,1,364,188,89,12.7142857142857,2.76080622986783,0.00770547945205479,0.021054439102209,0.00811320754716981,0,178657.333333333,5300,3,49636,25178,13326,12.7142857142857,1903.71428571429,0.667867327029866
2020-08-26,"Onondaga",31,3832,1590,182122,1,3808.33333333333,74,2,373,205,113,16.1428571428571,3.50529330309061,0.0194968553459119,0.0210408407550982,0.0105855110817069,1,180672.666666667,6046,3,49818,25560,12766,16.1428571428571,1823.71428571429,0.885163716120946
2020-08-27,"Onondaga",15,3847,1959,184081,0,3826.66666666667,79,1,383,201,104,14.8571428571429,3.22611065063207,0.00765696784073507,0.0208984088526247,0.0116599533601866,0,182245,4717,3,50296,25735,12428,14.8571428571429,1775.42857142857,0.836820083682008
2020-08-28,"Onondaga",19,3866,3709,187790,0,3848.33333333333,74,2,389,203,110,15.7142857142857,3.41223241893777,0.00512267457535724,0.0205868257095692,0.00895563516120143,0,184664.333333333,7258,4,52327,27460,13960,15.7142857142857,1994.28571428571,0.787965616045845
2020-08-29,"Onondaga",17,3883,1813,189603,0,3865.33333333333,82,1,398,209,125,17.8571428571429,3.87753683970201,0.00937672366243795,0.0204796337610692,0.00681727041839326,0,187158,7481,4,52866,28171,14371,17.8571428571429,2053,0.869807250713242
2020-08-30,"Onondaga",9,3892,820,190423,0,3880.33333333333,60,1,402,212,124,17.7142857142857,3.84651654498439,0.0109756097560976,0.0204387075090719,0.00709555345316935,0,189272,6342,3,52997,27035,14347,17.7142857142857,2049.57142857143,0.86429218651983
2020-08-31,"Onondaga",20,3912,1531,191954,1,3895.66666666667,65,1,397,216,120,17.1428571428571,3.72243536611393,0.0130633572828217,0.0203798826802255,0.0110470701248799,1,190660,4164,2,51471,26633,12590,17.1428571428571,1798.57142857143,0.953137410643368
2020-09-01,"Onondaga",10,3922,1352,193306,0,3908.66666666667,56,1,397,210,121,17.2857142857143,3.75345566083154,0.00739644970414201,0.0202890753520325,0.0105320010802052,0,191894.333333333,3703,2,50793,26100,12774,17.2857142857143,1824.85714285714,0.94723657429153
2020-09-02,"Onondaga",15,3937,1535,194841,0,3923.66666666667,54,1,402,218,105,15,3.25713094534969,0.00977198697068404,0.0202062194302021,0.0101856043458579,0,193367,4418,2,50829,25485,12719,15,1817,0.825536598789213
2020-09-03,"Onondaga",10,3947,1606,196447,0,3935.33333333333,55,1,391,204,100,14.2857142857143,3.10202947176161,0.0062266500622665,0.0200919331931768,0.0077898953928333,0,194864.666666667,4493,2,50398,24794,12366,14.2857142857143,1766.57142857143,0.808668930939673
2020-09-04,"Onondaga",17,3964,2611,199058,0,3949.33333333333,52,1,399,208,98,14,3.03998888232637,0.00651091535810034,0.0199137939695968,0.00730180806675939,0,196782,5752,3,51210,25228,11268,14,1609.71428571429,0.869719559815406
2020-09-05,"Onondaga",19,3983,1554,200612,0,3964.66666666667,61,1,407,225,100,14.2857142857143,3.10202947176161,0.0122265122265122,0.0198542460072179,0.0079708889273956,0,198705.666666667,5771,3,51712,25380,11009,14.2857142857143,1572.71428571429,0.908347715505495
2020-09-06,"Onondaga",10,3993,853,201465,0,3980,56,1,408,225,101,14.4285714285714,3.13304976647922,0.0117233294255569,0.0198198198198198,0.0091669988043045,0,200378.333333333,5018,3,51759,25389,11042,14.4285714285714,1577.42857142857,0.91468936786814
2020-09-07,"Onondaga",9,4002,1305,202770,0,3992.66666666667,55,1,400,210,90,12.8571428571429,2.79182652458544,0.00689655172413793,0.0197366474330522,0.0102370689655172,0,201615.666666667,3712,2,48942,23406,10816,12.8571428571429,1545.14285714286,0.832100591715976
2020-09-08,"Onondaga",10,4012,652,203422,0,4002.33333333333,48,1,399,211,90,12.8571428571429,2.79182652458544,0.0153374233128834,0.0197225472171152,0.0103202846975089,0,202552.333333333,2810,1,48068,22890,10116,12.8571428571429,1445.14285714286,0.889679715302491
2020-09-09,"Onondaga",11,4023,859,204281,0,4012.33333333333,40,1,396,191,86,12.2857142857143,2.66774534571498,0.0128055878928987,0.0196934614575022,0.0106534090909091,0,203491,2816,1,47719,22159,9440,12.2857142857143,1348.57142857143,0.911016949152542
2020-09-10,"Onondaga",20,4043,2201,206482,0,4026,50,1,397,196,96,13.7142857142857,2.97794829289114,0.00908677873693776,0.0195803992599839,0.0110452586206897,0,204728.333333333,3712,2,48136,22401,10035,13.7142857142857,1433.57142857143,0.956651718983557
2020-09-11,"Onondaga",17,4060,3386,209868,0,4042,58,1,397,194,96,13.7142857142857,2.97794829289114,0.00502067336089781,0.0193454933577296,0.00744647843623953,0,206877,6446,3,49538,22078,10810,13.7142857142857,1544.28571428571,0.888066604995375
2020-09-12,"Onondaga",21,4081,1703,211571,1,4061.33333333333,69,1,407,198,98,14,3.03998888232637,0.0123311802701116,0.0192890329960155,0.00795610425240055,1,209307,7290,4,50139,21968,10959,14,1565.57142857143,0.894242175380965
2020-09-13,"Onondaga",15,4096,862,212433,0,4079,73,1,416,204,103,14.7142857142857,3.19509035591445,0.0174013921113689,0.0192813734212669,0.00890606620736011,0,211290.666666667,5951,3,49045,22010,10968,14.7142857142857,1566.85714285714,0.939095550692925
2020-09-14,"Onondaga",18,4114,1186,213619,0,4097,71,1,418,202,112,16,3.474273008373,0.015177065767285,0.0192585865489493,0.014396161023727,0,212541,3751,2,48298,21665,10849,16,1549.85714285714,1.03235321227763
2020-09-15,"Onondaga",19,4133,1471,215090,0,4114.33333333333,73,1,421,211,121,17.2857142857143,3.75345566083154,0.0129163834126445,0.0192152122367381,0.0147769252628588,0,213714,3519,2,47884,21784,11668,17.2857142857143,1666.85714285714,1.03702434007542
2020-09-16,"Onondaga",25,4158,1673,216763,1,4135,77,2,439,221,135,19.2857142857143,4.18773978687817,0.0149432157800359,0.0191822405115264,0.0143187066974596,1,215157.333333333,4330,2,47407,21922,12482,19.2857142857143,1783.14285714286,1.08155744271751
2020-09-17,"Onondaga",27,4185,1588,218351,1,4158.66666666667,89,2,442,238,142,20.2857142857143,4.40488184990148,0.0170025188916877,0.0191663880632559,0.0150042265426881,1,216734.666666667,4732,2,46698,21904,11869,20.2857142857143,1695.57142857143,1.1963939674783
2020-09-18,"Onondaga",16,4201,3815,222166,0,4181.33333333333,87,2,445,237,141,20.1428571428571,4.37386155518386,0.00419397116644823,0.0189092840488644,0.00960994912379876,0,219093.333333333,7076,3,48336,23108,12298,20.1428571428571,1756.85714285714,1.14652789071394
2020-09-19,"Onondaga",19,4220,2717,224883,0,4202,87,1,462,237,139,19.8571428571429,4.31182096574863,0.00699300699300699,0.0187653135185852,0.00763546798029557,0,221800,8120,4,49651,24271,13312,19.8571428571429,1901.71428571429,1.04417067307692
2020-09-20,"Onondaga",11,4231,1149,226032,0,4217.33333333333,73,1,463,238,135,19.2857142857143,4.18773978687817,0.00957354221061793,0.0187185885184399,0.00598880354120557,0,224360.333333333,7681,4,49956,24567,13599,19.2857142857143,1942.71428571429,0.992720052945069
2020-09-21,"Onondaga",22,4253,1394,227426,1,4234.66666666667,68,1,461,251,139,19.8571428571429,4.31182096574863,0.0157819225251076,0.0187005883232348,0.00988593155893536,1,226113.666666667,5260,2,48062,24656,13807,19.8571428571429,1972.42857142857,1.00673571376838
2020-09-22,"Onondaga",17,4270,1376,228802,0,4251.33333333333,69,1,469,258,137,19.5714285714286,4.2497803763134,0.0123546511627907,0.018662424279508,0.012758356723654,0,227420,3919,2,48270,25380,13712,19.5714285714286,1958.85714285714,0.999124854142357
2020-09-23,"Onondaga",30,4300,1853,230655,1,4274.33333333333,80,2,468,277,142,20.2857142857143,4.40488184990148,0.0161899622234215,0.0186425614012269,0.0149253731343284,1,228961,4623,2,48533,26374,13892,20.2857142857143,1984.57142857143,1.02217103368845
2020-09-24,"Onondaga",21,4321,2429,233084,0,4297,90,2,474,278,136,19.4285714285714,4.21876008159578,0.00864553314121038,0.0185383810128537,0.0120183810533758,0,230847,5658,2,49003,26602,14733,19.4285714285714,2104.71428571429,0.923097807642707
2020-09-25,"Onondaga",21,4342,2876,235960,0,4321,89,2,476,282,141,20.1428571428571,4.37386155518386,0.00730180806675939,0.0184014239701644,0.0100586756077117,0,233233,7158,3,48170,26092,13794,20.1428571428571,1970.57142857143,1.02218355806873
2020-09-26,"Onondaga",23,4365,2225,238185,1,4342.66666666667,95,2,482,284,145,20.7142857142857,4.49794273405433,0.0103370786516854,0.018326091063669,0.00863213811420983,1,235743,7530,3,48582,26614,13302,20.7142857142857,1900.28571428571,1.09006164486543
2020-09-27,"Onondaga",14,4379,1240,239425,0,4362,79,1,487,283,148,21.1428571428571,4.59100361820718,0.0112903225806452,0.0182896522919495,0.00914682226778111,0,237856.666666667,6341,3,49002,26992,13393,21.1428571428571,1913.28571428571,1.10505487941462
2020-09-28,"Onondaga",30,4409,1882,241307,1,4384.33333333333,88,2,497,295,156,22.2857142857143,4.8391659759481,0.0159404888416578,0.0182713307115003,0.0125303908733869,1,239639,5347,2,49353,27688,13881,22.2857142857143,1983,1.12383834017722
2020-09-29,"Onondaga",15,4424,3423,244730,0,4404,82,1,502,291,154,22,4.77712538651287,0.00438212094653812,0.0180770645200834,0.00901451489686784,0,241820.666666667,6545,3,51424,29640,15928,22,2275.42857142857,0.966850828729282
2020-09-30,"Onondaga",32,4456,2579,247309,1,4429.66666666667,91,2,519,298,156,22.2857142857143,4.8391659759481,0.0124079100426522,0.0180179451617208,0.00976661593099949,1,244448.666666667,7884,3,52468,30546,16654,22.2857142857143,2379.14285714286,0.936711901044794
2020-10-01,"Onondaga",38,4494,5101,252410,1,4458,115,2,547,309,173,24.7142857142857,5.36651098614758,0.00744951970201921,0.0178043659126025,0.00765558857966315,1,248149.666666667,11103,5,55963,34059,19326,24.7142857142857,2760.85714285714,0.895167132360551
2020-10-02,"Onondaga",34,4528,4586,256996,1,4492.66666666667,119,2,564,327,186,26.5714285714286,5.76977481747659,0.00741386829481029,0.017618951267724,0.00847872166965596,1,252238.333333333,12266,5,57938,34830,21036,26.5714285714286,3005.14285714286,0.884198516828294
2020-10-03,"Onondaga",9,4537,2564,259560,0,4519.66666666667,113,2,554,317,172,24.5714285714286,5.33549069142996,0.00351014040561622,0.0174795808290954,0.00661170516692515,0,256322,12251,5,58948,34677,21375,24.5714285714286,3053.57142857143,0.804678362573099
2020-10-04,"Onondaga",19,4556,1620,261180,0,4540.33333333333,100,1,563,325,177,25.2857142857143,5.49059216501804,0.0117283950617284,0.017443908415652,0.00706955530216648,0,259245.333333333,8770,3,59715,35148,21755,25.2857142857143,3107.85714285714,0.813606067570673
2020-10-05,"Onondaga",37,4593,2081,263261,1,4562,99,1,591,340,184,26.2857142857143,5.70773422804135,0.0177799135031235,0.017446564436054,0.0103750997605746,1,261333.666666667,6265,2,60491,35835,21954,26.2857142857143,3136.28571428571,0.838116060854514
2020-10-06,"Onondaga",43,4636,3538,266799,1,4595,108,2,624,366,212,30.2857142857143,6.5763024801346,0.0121537591859808,0.0173763769729272,0.0136759220886863,1,263746.666666667,7239,3,63377,37997,22069,30.2857142857143,3152.71428571429,0.960623499025783
2020-10-07,"Onondaga",33,4669,4536,271335,1,4632.66666666667,132,2,646,369,213,30.4285714285714,6.60732277485222,0.00727513227513227,0.0172075110103746,0.0111275233874938,1,267131.666666667,10155,4,67054,40680,24026,30.4285714285714,3432.28571428571,0.886539582119371
2020-10-08,"Onondaga",24,4693,3498,274833,1,4666,137,2,650,372,199,28.4285714285714,6.1730386488056,0.00686106346483705,0.0170758242278038,0.00864154856550294,1,270989,11572,4,68351,41749,22423,28.4285714285714,3203.28571428571,0.887481603710476
2020-10-09,"Onondaga",54,4747,5423,280256,1,4703,154,2,687,405,219,31.2857142857143,6.79344454315792,0.00995758805089434,0.0169380851792647,0.00824849520695549,1,275474.666666667,13457,5,70388,44296,23260,31.2857142857143,3322.85714285714,0.941530524505589
2020-10-10,"Onondaga",32,4779,3349,283605,1,4739.66666666667,143,2,698,414,242,34.5714285714286,7.50691132166309,0.00955509107196178,0.0168509017824086,0.00896495517522412,1,279564.666666667,12270,5,72034,45420,24045,34.5714285714286,3435,1.00644624662092
2020-10-11,"Onondaga",28,4807,1836,285441,1,4777.66666666667,138,2,711,428,251,35.8571428571429,7.78609397412163,0.0152505446623094,0.0168406080415918,0.0107466063348416,1,283100.666666667,10608,4,73008,46016,24261,35.8571428571429,3465.85714285714,1.0345822513499
2020-10-12,"Onondaga",36,4843,1698,287139,1,4809.66666666667,150,2,729,434,250,35.7142857142857,7.75507367940401,0.0212014134275618,0.0168663957177534,0.0139474066540753,1,285395,6883,2,73520,45832,23878,35.7142857142857,3411.14285714286,1.04698886003853
2020-10-13,"Onondaga",37,4880,3261,290400,1,4843.33333333333,133,2,747,456,244,34.8571428571429,7.56895191109832,0.0113462128181539,0.0168044077134986,0.0148638704930096,1,287660,6795,2,75310,45670,23601,34.8571428571429,3371.57142857143,1.03385449769078
2020-10-14,"Onondaga",28,4908,4032,294432,1,4877,129,2,750,452,239,34.1428571428571,7.41385043751024,0.00694444444444444,0.0166693837626345,0.0112334556779001,1,290657,8991,3,77669,47123,23097,34.1428571428571,3299.57142857143,1.03476641988137
2020-10-15,"Onondaga",38,4946,3429,297861,1,4911.33333333333,139,2,761,452,253,36.1428571428571,7.84813456355686,0.0110819480898221,0.0166050607498128,0.00960641671329976,1,294231,10722,4,79510,45451,23028,36.1428571428571,3289.71428571429,1.09866249782873
2020-10-16,"Onondaga",31,4977,4669,302530,1,4943.66666666667,134,2,776,449,230,32.8571428571429,7.13466778505169,0.00663953737417006,0.0164512610319638,0.00799670239076669,1,298274.333333333,12130,4,80364,45534,22274,32.8571428571429,3182,1.03259405584987
2020-10-17,"Onondaga",34,5011,2541,305071,1,4978,131,2,791,474,232,33.1428571428571,7.19670837448692,0.0133805588351043,0.0164256845127855,0.00968136103017201,1,301820.666666667,10639,4,80188,45511,21466,33.1428571428571,3066.57142857143,1.08077890617721
2020-10-18,"Onondaga",10,5021,1370,306441,0,5003,113,2,790,465,214,30.5714285714286,6.63834306956984,0.0072992700729927,0.0163848832238506,0.00874125874125874,0,304680.666666667,8580,3,80409,45261,21000,30.5714285714286,3000,1.01904761904762
2020-10-19,"Onondaga",31,5052,1783,308224,1,5028,106,2,799,459,209,29.8571428571429,6.48324159598176,0.0173864273696018,0.016390676910299,0.0131717597471022,1,306578.666666667,5694,2,80798,44963,21085,29.8571428571429,3012.14285714286,0.991225990040313
2020-10-20,"Onondaga",69,5121,3662,311886,1,5064.66666666667,144,2,851,485,241,34.4285714285714,7.47589102694547,0.0188421627525942,0.0164194609568881,0.0161408657373441,1,308850.333333333,6815,2,83084,45087,21486,34.4285714285714,3069.42857142857,1.12166061621521
2020-10-21,"Onondaga",49,5170,6432,318318,1,5114.33333333333,159,3,870,501,262,37.4285714285714,8.12731721601541,0.0076181592039801,0.0162416200152049,0.0125452555359097,1,312809.333333333,11877,4,87663,46983,23886,37.4285714285714,3412.28571428571,1.09687683161685
2020-10-22,"Onondaga",52,5222,5719,324037,1,5171,201,3,901,529,276,39.4285714285714,8.56160134206203,0.00909249868858192,0.0161154436067486,0.0107506482008474,1,318080.333333333,15813,5,90953,49204,26176,39.4285714285714,3739.42857142857,1.05440097799511
2020-10-23,"Onondaga",55,5277,6258,330295,1,5223,225,3,935,530,300,42.8571428571429,9.30608841528482,0.00878875039948866,0.015976626954692,0.00847411592156011,1,324216.666666667,18409,6,94335,50039,27765,42.8571428571429,3966.42857142857,1.08049702863317
2020-10-24,"Onondaga",32,5309,3528,333823,1,5269.33333333333,188,3,944,530,298,42.5714285714286,9.24404782584958,0.0090702947845805,0.0159036375564296,0.00896485004837149,1,329385,15505,5,95638,50218,28752,42.5714285714286,4107.42857142857,1.03644963828603
2020-10-25,"Onondaga",28,5337,1876,335699,1,5307.66666666667,167,2,958,530,316,45.1428571428571,9.80241313076667,0.0149253731343284,0.0158981706826651,0.00986108729205968,1,333272.333333333,11662,4,96274,50258,29258,45.1428571428571,4179.71428571429,1.08004648301319
2020-10-26,"Onondaga",62,5399,2764,338463,1,5348.33333333333,177,2,990,556,347,49.5714285714286,10.7640422670128,0.0224312590448625,0.0159515220275185,0.0149363369245837,1,335995,8168,2,97156,51324,30239,49.5714285714286,4319.85714285714,1.1475247197328
2020-10-27,"Onondaga",55,5454,5376,343839,1,5396.66666666667,177,3,1030,574,333,47.5714285714286,10.3297581409661,0.0102306547619048,0.0158620749827681,0.0144768370607029,1,339333.666666667,10016,3,99109,53439,31953,47.5714285714286,4564.71428571429,1.04215566613464
2020-10-28,"Onondaga",44,5498,5268,349107,1,5450.33333333333,189,3,1042,590,328,46.8571428571429,10.1746566673781,0.00835231586940015,0.0157487532475717,0.0120077565632458,1,343803,13408,4,101798,54675,30789,46.8571428571429,4398.42857142857,1.06531553476891
2020-10-29,"Onondaga",105,5603,4415,353522,2,5518.33333333333,266,4,1109,657,381,54.4285714285714,11.8187322874117,0.0237825594563986,0.0158490843568434,0.013546716249419,2,348822.666666667,15059,4,101112,55661,29485,54.4285714285714,4212.14285714286,1.29218246566051
2020-10-30,"Onondaga",93,5696,4191,357713,2,5599,297,4,1168,719,419,59.8571428571429,12.9975034866811,0.0221904080171797,0.0159233799163016,0.0174426985728701,2,353447.333333333,13874,4,100717,55183,27418,59.8571428571429,3916.85714285714,1.52819315777956
2020-10-31,"Onondaga",66,5762,4241,361954,1,5687,308,5,1225,751,453,64.7142857142857,14.0521935070801,0.0155623673661872,0.0159191499472309,0.0205495446407722,1,357729.666666667,12847,4,102394,56883,28131,64.7142857142857,4018.71428571429,1.61032313106537
2020-11-01,"Onondaga",33,5795,1471,363425,1,5751,297,3,1239,774,458,65.4285714285714,14.2072949806682,0.0224337185588035,0.0159455183325308,0.0193880642229627,1,361030.666666667,9903,3,102245,56984,27726,65.4285714285714,3960.85714285714,1.65187910264733
2020-11-02,"Onondaga",86,5881,3064,366489,1,5812.66666666667,278,3,1288,829,482,68.8571428571429,14.9517820538909,0.0280678851174935,0.0160468663452382,0.0210802187784868,1,363956,8776,2,103228,58265,28026,68.8571428571429,4003.71428571429,1.71983158495683
2020-11-03,"Onondaga",120,6001,4008,370497,2,5892.33333333333,305,4,1365,880,547,78.1428571428571,16.968101210536,0.029940119760479,0.0161971621902472,0.0279761208006555,2,366803.666666667,8543,2,103698,58611,26658,78.1428571428571,3808.28571428571,2.05191687298372
2020-11-04,"Onondaga",121,6122,5230,375727,2,6001.33333333333,360,6,1453,952,624,89.1428571428571,19.3566639037924,0.0231357552581262,0.0162937451926532,0.0265810437327264,2,370904.333333333,12302,3,104392,57409,26620,89.1428571428571,3802.85714285714,2.34410217881292
2020-11-05,"Onondaga",135,6257,4978,380705,2,6126.66666666667,462,6,1564,1035,654,93.4285714285714,20.2872727453209,0.0271193250301326,0.0164352976714254,0.0264490714687676,2,375643,14216,4,105872,56668,27183,93.4285714285714,3883.28571428571,2.40591546186955
2020-11-06,"Onondaga",139,6396,5537,386242,2,6258.33333333333,515,7,1649,1119,700,100,21.7142063023312,0.0251038468484739,0.016559566282279,0.0250873293108923,2,380891.333333333,15745,4,105986,55947,28529,100,4075.57142857143,2.45364366083634
2020-11-07,"Onondaga",95,6491,3592,389834,1,6381.33333333333,490,6,1712,1182,729,104.142857142857,22.6137948491421,0.0264476614699332,0.0166506769548064,0.0261572269086269,1,385593.666666667,14107,4,106229,56011,27880,104.142857142857,3982.85714285714,2.61477761836442
2020-11-08,"Onondaga",85,6576,2069,391903,1,6487.66666666667,454,5,1769,1239,781,111.571428571429,24.2268501744581,0.041082648622523,0.0167796623143992,0.0284872298624754,1,389326.333333333,11198,3,106462,56204,28478,111.571428571429,4068.28571428571,2.74246786993469
2020-11-09,"Onondaga",250,6826,3815,395718,4,6631,569,7,1983,1427,945,135,29.3141785081472,0.0655307994757536,0.0172496575844414,0.0453777965386239,4,392485,9476,2,108579,57255,29229,135,4175.57142857143,3.23309042389408
2020-11-10,"Onondaga",195,7021,5017,400735,3,6807.66666666667,625,8,2141,1567,1020,145.714285714286,31.6407006119684,0.038867849312338,0.0175203064369222,0.0486193927162646,3,396118.666666667,10901,3,110335,56896,30238,145.714285714286,4319.71428571429,3.3732389708314
2020-11-11,"Onondaga",190,7211,3388,404123,3,7019.33333333333,720,10,2303,1713,1089,155.571428571429,33.7811009474839,0.0560802833530106,0.017843577326705,0.0519639934533552,3,400192,12220,3,109691,55016,28396,155.571428571429,4056.57142857143,3.83504718974503
2020-11-12,"Onondaga",210,7421,8886,413009,3,7217.66666666667,845,9,2475,1818,1164,166.285714285714,36.1076230513051,0.0236326806212019,0.0179681314450775,0.0344109652420334,3,405955.666666667,17291,4,115148,59487,32304,166.285714285714,4614.85714285714,3.60326894502229
2020-11-13,"Onondaga",229,7650,5366,418375,3,7427.33333333333,824,9,2673,1954,1254,179.142857142857,38.8994495758905,0.0426761088333955,0.0182850313713774,0.0356575963718821,3,411835.666666667,17640,4,115845,60662,32133,179.142857142857,4590.42857142857,3.9025301092335
2020-11-14,"Onondaga",99,7749,2102,420477,1,7606.66666666667,728,7,2738,1987,1258,179.714285714286,39.023530754761,0.0470980019029496,0.0184290698421079,0.0328971505442094,1,417287,16354,4,115406,58523,30643,179.714285714286,4377.57142857143,4.10534216623699
2020-11-15,"Onondaga",143,7892,3783,424260,2,7763.66666666667,681,6,2871,2097,1316,188,40.8227078483827,0.0378006872852234,0.018601800782539,0.0418629455159541,2,421037.333333333,11251,3,117819,60835,32357,188,4622.42857142857,4.06712612417715
2020-11-16,"Onondaga",192,8084,3492,427752,2,7908.33333333333,663,6,3032,2203,1258,179.714285714286,39.023530754761,0.0549828178694158,0.0188988011745123,0.0462834595286339,2,424163,9377,2,119528,61263,32034,179.714285714286,4576.28571428571,3.92707748017731
2020-11-17,"Onondaga",217,8301,5561,433313,3,8092.33333333333,651,7,3180,2300,1280,182.857142857143,39.7059772385485,0.039021758676497,0.0191570527540138,0.0430040511062636,3,428441.666666667,12836,3,121427,62816,32578,182.857142857143,4654,3.92903186199276
2020-11-18,"Onondaga",193,8494,5464,438777,2,8293,745,8,3324,2372,1283,183.285714285714,39.7990381227014,0.0353221083455344,0.0193583528762902,0.0414686229937315,2,433280.666666667,14517,3,120459,63050,34654,183.285714285714,4950.57142857143,3.70231430715069
2020-11-19,"Onondaga",241,8735,6733,445510,3,8510,843,8,3513,2478,1314,187.714285714286,40.7606672589475,0.0357938511807515,0.0196067428340554,0.036659533731276,3,439200,17758,4,121473,64805,32501,187.714285714286,4643,4.04295252453771
2020-11-20,"Onondaga",212,8947,6670,452180,2,8725.33333333333,863,8,3670,2551,1297,185.285714285714,40.233322248748,0.031784107946027,0.0197863682604273,0.0342396777442095,2,445489,18867,4,121885,65938,33805,185.285714285714,4829.28571428571,3.83671054577725
2020-11-21,"Onondaga",213,9160,7766,459946,2,8947.33333333333,859,8,3851,2669,1411,201.571428571429,43.7696358465563,0.0274272469739892,0.0199153813708566,0.0314610987765128,2,452545.333333333,21169,5,126123,70112,39469,201.571428571429,5638.42857142857,3.57495756163065
2020-11-22,"Onondaga",202,9362,5492,465438,2,9156.33333333333,868,7,4025,2786,1470,210,45.5998332348956,0.0367807720320466,0.0201143868785961,0.0314632677639502,2,459188,19928,4,129739,73535,41178,210,5882.57142857143,3.56986740492496
2020-11-23,"Onondaga",108,9470,3069,468507,1,9330.66666666667,735,6,4071,2644,1386,198,42.9941284786158,0.0351906158357771,0.0202131451611182,0.0320328290561646,1,464630.333333333,16327,4,130044,72789,40755,198,5822.14285714286,3.40080971659919
2020-11-24,"Onondaga",315,9785,7826,476333,3,9539,838,7,4331,2764,1484,212,46.0341173609422,0.0402504472271914,0.0205423516741439,0.0381399890156832,3,470092.666666667,16387,4,132494,75598,43020,212,6145.71428571429,3.44955834495583
2020-11-25,"Onondaga",239,10024,5999,482332,2,9759.66666666667,864,7,4526,2813,1530,218.571428571429,47.4610509179526,0.0398399733288881,0.0207823656734366,0.0391855096483959,2,475724,16894,4,133225,78209,43555,218.571428571429,6222.14285714286,3.51279990816209
2020-11-26,"Onondaga",224,10248,5748,488080,2,10019,886,8,4645,2827,1513,216.142857142857,46.9337059077531,0.0389700765483647,0.0209965579413211,0.0397486333214122,2,482248.333333333,19573,4,134558,75071,42570,216.142857142857,6081.42857142857,3.55414611228565
2020-11-27,"Onondaga",232,10480,2618,490698,2,10250.6666666667,1010,7,4784,2830,1533,219,47.5541118021054,0.0886172650878533,0.0213573318008225,0.048381482770623,2,487036.666666667,14365,3,132985,72323,38518,219,5502.57142857143,3.97995742250376
2020-11-28,"Onondaga",221,10701,3150,493848,2,10476.3333333333,916,7,4939,2952,1541,220.142857142857,47.8022741598463,0.0701587301587302,0.0216686105846333,0.0587877735324766,2,490875.333333333,11516,2,131894,73371,33902,220.142857142857,4843.14285714286,4.54545454545455
2020-11-29,"Onondaga",103,10804,2672,496520,1,10661.6666666667,780,5,5009,2912,1442,206,44.7312649828024,0.0385479041916168,0.0217594457423669,0.0658767772511848,1,493688.666666667,8440,2,133095,72260,31082,206,4440.28571428571,4.63934109774146
2020-11-30,"Onondaga",191,10995,4022,500542,2,10833.3333333333,747,5,5114,2911,1525,217.857142857143,47.3059494443645,0.047488811536549,0.0219661886515018,0.0523161316537993,2,496970,9844,2,134053,72790,32035,217.857142857143,4576.42857142857,4.76041829249259
2020-12-01,"Onondaga",286,11281,6037,506579,3,11026.6666666667,801,5,5280,2980,1496,213.714285714286,46.4063608975536,0.0473745237700845,0.0222689846993263,0.0455580865603645,3,501213.666666667,12731,3,136082,73266,30246,213.714285714286,4320.85714285714,4.94610857634067
2020-12-02,"Onondaga",376,11657,7314,513893,3,11311,956,8,5535,3163,1633,233.285714285714,50.656141273867,0.0514082581350834,0.0226837104222085,0.0490991768836701,3,507004.666666667,17373,3,138166,75116,31561,233.285714285714,4508.71428571429,5.17410728430658
2020-12-03,"Onondaga",276,11933,4583,518476,2,11623.6666666667,1129,9,5676,3198,1685,240.714285714286,52.2691965991831,0.0602225616408466,0.0230155301306136,0.0523028883684621,2,512982.666666667,17934,4,137771,72966,30396,240.714285714286,4342.28571428571,5.54349256481116
2020-12-04,"Onondaga",425,12358,9049,527525,4,11982.6666666667,1363,10,5962,3411,1878,268.285714285714,58.256113479683,0.046966515637087,0.0234263778967821,0.0514179318246921,4,519964.666666667,20946,4,141283,75345,36827,268.285714285714,5261,5.09951937437206
2020-12-05,"Onondaga",304,12662,7693,535218,2,12317.6666666667,1381,9,6171,3502,1961,280.142857142857,60.8307979412451,0.0395164435200832,0.0236576497800896,0.0471277842907386,2,527073,21325,4,145384,75272,41370,280.142857142857,5910,4.74014986705342
2020-12-06,"Onondaga",279,12941,3185,538403,2,12653.6666666667,1284,8,6365,3579,2137,305.285714285714,66.2903698115455,0.0875981161695447,0.0240358987598509,0.0505846339137853,2,533715.333333333,19927,4,146500,72965,41883,305.285714285714,5983.28571428571,5.10230881264475
2020-12-07,"Onondaga",247,13188,2785,541188,2,12930.3333333333,1255,7,6362,3718,2193,313.285714285714,68.027506315732,0.088689407540395,0.0243686112774119,0.060748005562468,2,538269.666666667,13663,3,145470,72681,40646,313.285714285714,5806.57142857143,5.39536485755056
2020-12-08,"Onondaga",410,13598,5245,546433,3,13242.3333333333,1240,7,6577,3813,2317,331,71.8740228607164,0.0781696854146807,0.0248850270755976,0.083459652251449,3,542008,11215,2,145698,70100,39854,331,5693.42857142857,5.81372007828574
2020-12-09,"Onondaga",347,13945,5269,551702,3,13577,1283,8,6734,3921,2288,326.857142857143,70.9744343139055,0.0658568988422851,0.0252763267126093,0.0754943980750432,3,546441,13299,2,147579,69370,37809,326.857142857143,5401.28571428571,6.05146922690365
2020-12-10,"Onondaga",452,14397,6692,558394,3,13980,1456,9,6976,4149,2464,352,76.434006184206,0.0675433353257621,0.0257828701597797,0.0702661862141114,3,552176.333333333,17206,3,145385,70314,39918,352,5702.57142857143,6.17265394057819
2020-12-11,"Onondaga",375,14772,6394,564788,3,14371.3333333333,1584,9,7122,4292,2414,344.857142857143,74.8829914483252,0.0586487331873632,0.0261549466348435,0.0639607736311632,3,558294.666666667,18355,3,146413,74090,37263,344.857142857143,5323.28571428571,6.47827603789281
2020-12-12,"Onondaga",410,15182,6295,571083,3,14783.6666666667,1584,9,7433,4481,2520,360,78.1711426883925,0.0651310563939635,0.0265845770229546,0.063825396006398,3,564755,19381,4,150606,77235,35865,360,5123.57142857143,7.02634880803011
2020-12-13,"Onondaga",299,15481,3888,574971,2,15145,1536,8,7589,4677,2540,362.857142857143,78.7915485827448,0.07690329218107,0.0269248362091305,0.0653918079266454,2,570280.666666667,16577,3,150711,78451,36568,362.857142857143,5224,6.94596368409538
2020-12-14,"Onondaga",241,15722,3174,578145,2,15461.6666666667,1325,6,7638,4727,2534,362,78.6054268144391,0.0759294265910523,0.027193870049901,0.0711237553342817,2,574733,13357,2,150393,77603,36957,362,5279.57142857143,6.85661714966042
2020-12-15,"Onondaga",332,16054,5070,583215,2,15752.3333333333,1282,6,7753,4773,2456,350.857142857143,76.185843826465,0.0654832347140039,0.0275267268503039,0.0718760303330036,2,578777,12132,2,149902,76636,36782,350.857142857143,5254.57142857143,6.67717905497254
2020-12-16,"Onondaga",375,16429,6311,589526,2,16068.3333333333,1247,6,7935,4772,2484,354.857142857143,77.0544120785583,0.0594200602123277,0.0278681517015365,0.0651322569563724,2,583628.666666667,14555,3,150749,75633,37824,354.857142857143,5403.42857142857,6.56725888324873
2020-12-17,"Onondaga",431,16860,6155,595681,3,16447.6666666667,1379,7,8125,4927,2463,351.857142857143,76.4029858894883,0.0700243704305443,0.0283037397533243,0.0648950729927007,3,589474,17536,3,150171,77205,37287,351.857142857143,5326.71428571429,6.60551934990747
2020-12-18,"Onondaga",407,17267,6524,602205,2,16852,1545,8,8320,4909,2495,356.428571428571,77.3956353204521,0.062385039852851,0.0286729602045815,0.0638757240652975,2,595804,18990,3,150025,74680,37417,356.428571428571,5345.28571428571,6.66809204372344
2020-12-19,"Onondaga",319,17586,6708,608913,2,17237.6666666667,1532,7,8426,4924,2404,343.428571428571,74.572788501149,0.0475551580202743,0.0288809731439467,0.059679166451746,2,602266.333333333,19387,3,148967,73695,37830,343.428571428571,5404.28571428571,6.35474491144594
2020-12-20,"Onondaga",274,17860,4852,613765,2,17571,1431,6,8498,4919,2379,339.857142857143,73.7972811332086,0.0564715581203627,0.0290990851547416,0.055297500552975,2,608294.333333333,18084,3,148327,75362,38794,339.857142857143,5542,6.13239160694953
2020-12-21,"Onondaga",221,18081,3363,617128,1,17842.3333333333,1221,5,8611,4893,2359,337,73.1768752388563,0.0657151352958668,0.0292986220038631,0.0545466729209944,1,613268.666666667,14923,2,148621,75940,38983,337,5569,6.05135571915963
2020-12-22,"Onondaga",270,18351,4432,621560,1,18097.3333333333,1084,4,8566,4753,2297,328.142857142857,71.2536169663641,0.0609205776173285,0.0295241006499775,0.0604886534355974,1,617484.333333333,12647,2,145227,75127,38345,328.142857142857,5477.85714285714,5.99035076281132
